blocco;codiceCatalogo;nomeRecord;categoria;famiglia;nomeFile;percorsoRelativoAssets;referenceImageUrlSuggerito;statoAsset;note
3;F_SOFT_PIXIE;Soft pixie;TAGLIO;PIXIE;soft_pixie.png;CATALOGO TECNICO/TAGLI/PIXIE/soft_pixie.png;/assets/CATALOGO TECNICO/TAGLI/PIXIE/soft_pixie.png;CREATO_DA_COLLEGARE;Immagine singola generata e integrata nell'archivio.
3;F_MICRO_PIXIE;Micro pixie;TAGLIO;PIXIE;micro_pixie.png;CATALOGO TECNICO/TAGLI/PIXIE/micro_pixie.png;/assets/CATALOGO TECNICO/TAGLI/PIXIE/micro_pixie.png;CREATO_DA_COLLEGARE;Immagine singola generata e integrata nell'archivio.
3;F_SHORT_PIXIE;Short pixie;TAGLIO;PIXIE;short_pixie.png;CATALOGO TECNICO/TAGLI/PIXIE/short_pixie.png;/assets/CATALOGO TECNICO/TAGLI/PIXIE/short_pixie.png;CREATO_DA_COLLEGARE;Immagine singola generata e integrata nell'archivio.
3;F_LONG_PIXIE;Long pixie;TAGLIO;PIXIE;long_pixie.png;CATALOGO TECNICO/TAGLI/PIXIE/long_pixie.png;/assets/CATALOGO TECNICO/TAGLI/PIXIE/long_pixie.png;CREATO_DA_COLLEGARE;Immagine singola generata e integrata nell'archivio.
3;F_LAYERED_PIXIE;Layered pixie;TAGLIO;PIXIE;layered_pixie.png;CATALOGO TECNICO/TAGLI/PIXIE/layered_pixie.png;/assets/CATALOGO TECNICO/TAGLI/PIXIE/layered_pixie.png;CREATO_DA_COLLEGARE;Immagine singola generata e integrata nell'archivio.
3;F_GRADUATED_PIXIE;Graduated pixie;TAGLIO;PIXIE;graduated_pixie.png;CATALOGO TECNICO/TAGLI/PIXIE/graduated_pixie.png;/assets/CATALOGO TECNICO/TAGLI/PIXIE/graduated_pixie.png;CREATO_DA_COLLEGARE;Immagine singola generata e integrata nell'archivio.
3;F_TEXTURED_PIXIE;Textured pixie;TAGLIO;PIXIE;textured_pixie.png;CATALOGO TECNICO/TAGLI/PIXIE/textured_pixie.png;/assets/CATALOGO TECNICO/TAGLI/PIXIE/textured_pixie.png;CREATO_DA_COLLEGARE;Immagine singola generata e integrata nell'archivio.
3;F_CHOPPY_PIXIE;Choppy pixie;TAGLIO;PIXIE;choppy_pixie.png;CATALOGO TECNICO/TAGLI/PIXIE/choppy_pixie.png;/assets/CATALOGO TECNICO/TAGLI/PIXIE/choppy_pixie.png;CREATO_DA_COLLEGARE;Immagine singola generata e integrata nell'archivio.
3;F_FEATHERED_PIXIE;Feathered pixie;TAGLIO;PIXIE;feathered_pixie.png;CATALOGO TECNICO/TAGLI/PIXIE/feathered_pixie.png;/assets/CATALOGO TECNICO/TAGLI/PIXIE/feathered_pixie.png;CREATO_DA_COLLEGARE;Immagine singola generata e integrata nell'archivio.
3;F_PIECEY_PIXIE;Piecey pixie;TAGLIO;PIXIE;piecey_pixie.png;CATALOGO TECNICO/TAGLI/PIXIE/piecey_pixie.png;/assets/CATALOGO TECNICO/TAGLI/PIXIE/piecey_pixie.png;CREATO_DA_COLLEGARE;Immagine singola generata e integrata nell'archivio.
3;F_SLEEK_PIXIE;Sleek pixie;TAGLIO;PIXIE;sleek_pixie.png;CATALOGO TECNICO/TAGLI/PIXIE/sleek_pixie.png;/assets/CATALOGO TECNICO/TAGLI/PIXIE/sleek_pixie.png;CREATO_DA_COLLEGARE;Immagine singola generata e integrata nell'archivio.
3;F_CLASSIC_BIXIE;Classic bixie;TAGLIO;BIXIE;classic_bixie.png;CATALOGO TECNICO/TAGLI/BIXIE/classic_bixie.png;/assets/CATALOGO TECNICO/TAGLI/BIXIE/classic_bixie.png;CREATO_DA_COLLEGARE;Immagine singola generata e integrata nell'archivio.
3;F_SOFT_BIXIE;Soft bixie;TAGLIO;BIXIE;soft_bixie.png;CATALOGO TECNICO/TAGLI/BIXIE/soft_bixie.png;/assets/CATALOGO TECNICO/TAGLI/BIXIE/soft_bixie.png;CREATO_DA_COLLEGARE;Immagine singola generata e integrata nell'archivio.
3;F_90S_BIXIE;90s bixie;TAGLIO;BIXIE;90s_bixie.png;CATALOGO TECNICO/TAGLI/BIXIE/90s_bixie.png;/assets/CATALOGO TECNICO/TAGLI/BIXIE/90s_bixie.png;CREATO_DA_COLLEGARE;Immagine singola generata e integrata nell'archivio.
3;F_LAYERED_BIXIE;Layered bixie;TAGLIO;BIXIE;layered_bixie.png;CATALOGO TECNICO/TAGLI/BIXIE/layered_bixie.png;/assets/CATALOGO TECNICO/TAGLI/BIXIE/layered_bixie.png;CREATO_DA_COLLEGARE;Immagine singola generata e integrata nell'archivio.
3;F_SHAGGY_BIXIE;Shaggy bixie;TAGLIO;BIXIE;shaggy_bixie.png;CATALOGO TECNICO/TAGLI/BIXIE/shaggy_bixie.png;/assets/CATALOGO TECNICO/TAGLI/BIXIE/shaggy_bixie.png;CREATO_DA_COLLEGARE;Immagine singola generata e integrata nell'archivio.
3;F_TEXTURED_BIXIE;Textured bixie;TAGLIO;BIXIE;textured_bixie.png;CATALOGO TECNICO/TAGLI/BIXIE/textured_bixie.png;/assets/CATALOGO TECNICO/TAGLI/BIXIE/textured_bixie.png;CREATO_DA_COLLEGARE;Immagine singola generata e integrata nell'archivio.
3;F_CURLY_BIXIE;Curly bixie;TAGLIO;BIXIE;curly_bixie.png;CATALOGO TECNICO/TAGLI/BIXIE/curly_bixie.png;/assets/CATALOGO TECNICO/TAGLI/BIXIE/curly_bixie.png;CREATO_DA_COLLEGARE;Immagine singola generata e integrata nell'archivio.
3;F_WAVY_BIXIE;Wavy bixie;TAGLIO;BIXIE;wavy_bixie.png;CATALOGO TECNICO/TAGLI/BIXIE/wavy_bixie.png;/assets/CATALOGO TECNICO/TAGLI/BIXIE/wavy_bixie.png;CREATO_DA_COLLEGARE;Immagine singola generata e integrata nell'archivio.
3;F_SLEEK_BIXIE;Sleek bixie;TAGLIO;BIXIE;sleek_bixie.png;CATALOGO TECNICO/TAGLI/BIXIE/sleek_bixie.png;/assets/CATALOGO TECNICO/TAGLI/BIXIE/sleek_bixie.png;CREATO_DA_COLLEGARE;Immagine singola generata e integrata nell'archivio.
3;F_STACKED_BIXIE;Stacked bixie;TAGLIO;BIXIE;;;;DA_GENERARE;Record previsto nel Blocco 3, ma immagine non ancora disponibile.
3;F_GRADUATED_BIXIE;Graduated bixie;TAGLIO;BIXIE;;;;DA_GENERARE;Record previsto nel Blocco 3, ma immagine non ancora disponibile.
3;F_ASYMMETRICAL_BIXIE;Asymmetrical bixie;TAGLIO;BIXIE;;;;DA_GENERARE;Record previsto nel Blocco 3, ma immagine non ancora disponibile.
3;F_UNDERCUT_BIXIE;Undercut bixie;TAGLIO;BIXIE;;;;DA_GENERARE;Record previsto nel Blocco 3, ma immagine non ancora disponibile.
3;F_BIXIE_CON_FRANGIA_LUNGA;Bixie con frangia lunga;TAGLIO;BIXIE;;;;DA_GENERARE;Record previsto nel Blocco 3, ma immagine non ancora disponibile.
3;F_BIXIE_CON_CURTAIN_BANGS;Bixie con curtain bangs;TAGLIO;BIXIE;;;;DA_GENERARE;Record previsto nel Blocco 3, ma immagine non ancora disponibile.
3;F_BIXIE_CON_MICRO_FRANGIA;Bixie con micro frangia;TAGLIO;BIXIE;;;;DA_GENERARE;Record previsto nel Blocco 3, ma immagine non ancora disponibile.
3;F_PIXIE_BOB_ARROTONDATO;Pixie bob arrotondato;TAGLIO;BIXIE;;;;DA_GENERARE;Record previsto nel Blocco 3, ma immagine non ancora disponibile.
3;F_PIXIE_BOB_GRADUATO;Pixie bob graduato;TAGLIO;BIXIE;;;;DA_GENERARE;Record previsto nel Blocco 3, ma immagine non ancora disponibile.
