categoria;famiglia;nomeFile;formato;dimensioneBytes;percorsoRelativoAssets;referenceImageUrl;stato
BARBA_BAFFI;BARBE;barba_anchor_01.jpg;JPG;54102;CATALOGO TECNICO/BARBE/barba_anchor_01.jpg;/assets/CATALOGO TECNICO/BARBE/barba_anchor_01.jpg;PRESENTE_NELLO_ZIP
BARBA_BAFFI;BARBE;barba_anchor_02.jpg;JPG;52692;CATALOGO TECNICO/BARBE/barba_anchor_02.jpg;/assets/CATALOGO TECNICO/BARBE/barba_anchor_02.jpg;PRESENTE_NELLO_ZIP
BARBA_BAFFI;BARBE;barba_corta_01.jpg;JPG;55340;CATALOGO TECNICO/BARBE/barba_corta_01.jpg;/assets/CATALOGO TECNICO/BARBE/barba_corta_01.jpg;PRESENTE_NELLO_ZIP
BARBA_BAFFI;BARBE;barba_corta_02.jpg;JPG;59086;CATALOGO TECNICO/BARBE/barba_corta_02.jpg;/assets/CATALOGO TECNICO/BARBE/barba_corta_02.jpg;PRESENTE_NELLO_ZIP
BARBA_BAFFI;BARBE;barba_lunga_01.jpg;JPG;57961;CATALOGO TECNICO/BARBE/barba_lunga_01.jpg;/assets/CATALOGO TECNICO/BARBE/barba_lunga_01.jpg;PRESENTE_NELLO_ZIP
BARBA_BAFFI;BARBE;barba_lunga_02.jpg;JPG;56712;CATALOGO TECNICO/BARBE/barba_lunga_02.jpg;/assets/CATALOGO TECNICO/BARBE/barba_lunga_02.jpg;PRESENTE_NELLO_ZIP
BARBA_BAFFI;BARBE;barba_media_01.jpg;JPG;54056;CATALOGO TECNICO/BARBE/barba_media_01.jpg;/assets/CATALOGO TECNICO/BARBE/barba_media_01.jpg;PRESENTE_NELLO_ZIP
BARBA_BAFFI;BARBE;barba_media_02.jpg;JPG;53474;CATALOGO TECNICO/BARBE/barba_media_02.jpg;/assets/CATALOGO TECNICO/BARBE/barba_media_02.jpg;PRESENTE_NELLO_ZIP
BARBA_BAFFI;BARBE;barba_pizzetto_01.jpg;JPG;53525;CATALOGO TECNICO/BARBE/barba_pizzetto_01.jpg;/assets/CATALOGO TECNICO/BARBE/barba_pizzetto_01.jpg;PRESENTE_NELLO_ZIP
BARBA_BAFFI;BARBE;barba_pizzetto_02.jpg;JPG;55064;CATALOGO TECNICO/BARBE/barba_pizzetto_02.jpg;/assets/CATALOGO TECNICO/BARBE/barba_pizzetto_02.jpg;PRESENTE_NELLO_ZIP
BARBA_BAFFI;BARBE;m_beard_baffo_chevron.png;PNG;2168721;CATALOGO TECNICO/BARBE/m_beard_baffo_chevron.png;/assets/CATALOGO TECNICO/BARBE/m_beard_baffo_chevron.png;PRESENTE_NELLO_ZIP
BARBA_BAFFI;BARBE;m_beard_baffo_handlebar.png;PNG;2310804;CATALOGO TECNICO/BARBE/m_beard_baffo_handlebar.png;/assets/CATALOGO TECNICO/BARBE/m_beard_baffo_handlebar.png;PRESENTE_NELLO_ZIP
BARBA_BAFFI;BARBE;m_beard_baffo_horseshoe.png;PNG;2126741;CATALOGO TECNICO/BARBE/m_beard_baffo_horseshoe.png;/assets/CATALOGO TECNICO/BARBE/m_beard_baffo_horseshoe.png;PRESENTE_NELLO_ZIP
BARBA_BAFFI;BARBE;m_beard_balbo.png;PNG;1923836;CATALOGO TECNICO/BARBE/m_beard_balbo.png;/assets/CATALOGO TECNICO/BARBE/m_beard_balbo.png;PRESENTE_NELLO_ZIP
BARBA_BAFFI;BARBE;m_beard_barba_completa_lunga.png;PNG;1946163;CATALOGO TECNICO/BARBE/m_beard_barba_completa_lunga.png;/assets/CATALOGO TECNICO/BARBE/m_beard_barba_completa_lunga.png;PRESENTE_NELLO_ZIP
BARBA_BAFFI;BARBE;m_beard_barba_e_baffi_definiti.png;PNG;2072867;CATALOGO TECNICO/BARBE/m_beard_barba_e_baffi_definiti.png;/assets/CATALOGO TECNICO/BARBE/m_beard_barba_e_baffi_definiti.png;PRESENTE_NELLO_ZIP
BARBA_BAFFI;BARBE;m_beard_chin_strap.png;PNG;1998778;CATALOGO TECNICO/BARBE/m_beard_chin_strap.png;/assets/CATALOGO TECNICO/BARBE/m_beard_chin_strap.png;PRESENTE_NELLO_ZIP
BARBA_BAFFI;BARBE;m_beard_circle_beard.png;PNG;1977333;CATALOGO TECNICO/BARBE/m_beard_circle_beard.png;/assets/CATALOGO TECNICO/BARBE/m_beard_circle_beard.png;PRESENTE_NELLO_ZIP
BARBA_BAFFI;BARBE;m_beard_ducktail.png;PNG;1989409;CATALOGO TECNICO/BARBE/m_beard_ducktail.png;/assets/CATALOGO TECNICO/BARBE/m_beard_ducktail.png;PRESENTE_NELLO_ZIP
BARBA_BAFFI;BARBE;m_beard_garibaldi.png;PNG;2138714;CATALOGO TECNICO/BARBE/m_beard_garibaldi.png;/assets/CATALOGO TECNICO/BARBE/m_beard_garibaldi.png;PRESENTE_NELLO_ZIP
BARBA_BAFFI;BARBE;m_beard_short_boxed_beard.png;PNG;1941700;CATALOGO TECNICO/BARBE/m_beard_short_boxed_beard.png;/assets/CATALOGO TECNICO/BARBE/m_beard_short_boxed_beard.png;PRESENTE_NELLO_ZIP
BARBA_BAFFI;BARBE;m_beard_solo_baffi_naturali.png;PNG;2285842;CATALOGO TECNICO/BARBE/m_beard_solo_baffi_naturali.png;/assets/CATALOGO TECNICO/BARBE/m_beard_solo_baffi_naturali.png;PRESENTE_NELLO_ZIP
BARBA_BAFFI;BARBE;m_beard_stubble_uniforme.png;PNG;1978509;CATALOGO TECNICO/BARBE/m_beard_stubble_uniforme.png;/assets/CATALOGO TECNICO/BARBE/m_beard_stubble_uniforme.png;PRESENTE_NELLO_ZIP
BARBA_BAFFI;BARBE;m_beard_van_dyke.png;PNG;1969916;CATALOGO TECNICO/BARBE/m_beard_van_dyke.png;/assets/CATALOGO TECNICO/BARBE/m_beard_van_dyke.png;PRESENTE_NELLO_ZIP
FRANGIA;FRANGIE;f_fringe_airy_fringe.png;PNG;1975845;CATALOGO TECNICO/FRANGIE/f_fringe_airy_fringe.png;/assets/CATALOGO TECNICO/FRANGIE/f_fringe_airy_fringe.png;PRESENTE_NELLO_ZIP
FRANGIA;FRANGIE;f_fringe_baby_bangs.png;PNG;2072688;CATALOGO TECNICO/FRANGIE/f_fringe_baby_bangs.png;/assets/CATALOGO TECNICO/FRANGIE/f_fringe_baby_bangs.png;PRESENTE_NELLO_ZIP
FRANGIA;FRANGIE;f_fringe_bottleneck_bangs.png;PNG;1960732;CATALOGO TECNICO/FRANGIE/f_fringe_bottleneck_bangs.png;/assets/CATALOGO TECNICO/FRANGIE/f_fringe_bottleneck_bangs.png;PRESENTE_NELLO_ZIP
FRANGIA;FRANGIE;f_fringe_choppy_fringe.png;PNG;2092804;CATALOGO TECNICO/FRANGIE/f_fringe_choppy_fringe.png;/assets/CATALOGO TECNICO/FRANGIE/f_fringe_choppy_fringe.png;PRESENTE_NELLO_ZIP
FRANGIA;FRANGIE;f_fringe_curtain_bangs_lunghe.png;PNG;1940271;CATALOGO TECNICO/FRANGIE/f_fringe_curtain_bangs_lunghe.png;/assets/CATALOGO TECNICO/FRANGIE/f_fringe_curtain_bangs_lunghe.png;PRESENTE_NELLO_ZIP
FRANGIA;FRANGIE;f_fringe_face_framing_fringe.png;PNG;2135521;CATALOGO TECNICO/FRANGIE/f_fringe_face_framing_fringe.png;/assets/CATALOGO TECNICO/FRANGIE/f_fringe_face_framing_fringe.png;PRESENTE_NELLO_ZIP
FRANGIA;FRANGIE;f_fringe_frangia_ad_arco.png;PNG;1953166;CATALOGO TECNICO/FRANGIE/f_fringe_frangia_ad_arco.png;/assets/CATALOGO TECNICO/FRANGIE/f_fringe_frangia_ad_arco.png;PRESENTE_NELLO_ZIP
FRANGIA;FRANGIE;f_fringe_frangia_diagonale.png;PNG;1940495;CATALOGO TECNICO/FRANGIE/f_fringe_frangia_diagonale.png;/assets/CATALOGO TECNICO/FRANGIE/f_fringe_frangia_diagonale.png;PRESENTE_NELLO_ZIP
FRANGIA;FRANGIE;f_fringe_frangia_disconnessa.png;PNG;1896098;CATALOGO TECNICO/FRANGIE/f_fringe_frangia_disconnessa.png;/assets/CATALOGO TECNICO/FRANGIE/f_fringe_frangia_disconnessa.png;PRESENTE_NELLO_ZIP
FRANGIA;FRANGIE;f_fringe_frangia_morbida_piena.png;PNG;1819749;CATALOGO TECNICO/FRANGIE/f_fringe_frangia_morbida_piena.png;/assets/CATALOGO TECNICO/FRANGIE/f_fringe_frangia_morbida_piena.png;PRESENTE_NELLO_ZIP
FRANGIA;FRANGIE;f_fringe_frangia_piena.png;PNG;1973584;CATALOGO TECNICO/FRANGIE/f_fringe_frangia_piena.png;/assets/CATALOGO TECNICO/FRANGIE/f_fringe_frangia_piena.png;PRESENTE_NELLO_ZIP
FRANGIA;FRANGIE;f_fringe_frangia_riccia.png;PNG;2041974;CATALOGO TECNICO/FRANGIE/f_fringe_frangia_riccia.png;/assets/CATALOGO TECNICO/FRANGIE/f_fringe_frangia_riccia.png;PRESENTE_NELLO_ZIP
FRANGIA;FRANGIE;f_fringe_frangia_senza_separazione_centrale.png;PNG;1921732;CATALOGO TECNICO/FRANGIE/f_fringe_frangia_senza_separazione_centrale.png;/assets/CATALOGO TECNICO/FRANGIE/f_fringe_frangia_senza_separazione_centrale.png;PRESENTE_NELLO_ZIP
FRANGIA;FRANGIE;f_fringe_micro_frangia.png;PNG;2009099;CATALOGO TECNICO/FRANGIE/f_fringe_micro_frangia.png;/assets/CATALOGO TECNICO/FRANGIE/f_fringe_micro_frangia.png;PRESENTE_NELLO_ZIP
FRANGIA;FRANGIE;f_fringe_shag_fringe.png;PNG;2088569;CATALOGO TECNICO/FRANGIE/f_fringe_shag_fringe.png;/assets/CATALOGO TECNICO/FRANGIE/f_fringe_shag_fringe.png;PRESENTE_NELLO_ZIP
FRANGIA;FRANGIE;frangia_curtain_01.jpg;JPG;59275;CATALOGO TECNICO/FRANGIE/frangia_curtain_01.jpg;/assets/CATALOGO TECNICO/FRANGIE/frangia_curtain_01.jpg;PRESENTE_NELLO_ZIP
FRANGIA;FRANGIE;frangia_curtain_02.jpg;JPG;60358;CATALOGO TECNICO/FRANGIE/frangia_curtain_02.jpg;/assets/CATALOGO TECNICO/FRANGIE/frangia_curtain_02.jpg;PRESENTE_NELLO_ZIP
FRANGIA;FRANGIE;frangia_dritta_01.jpg;JPG;57051;CATALOGO TECNICO/FRANGIE/frangia_dritta_01.jpg;/assets/CATALOGO TECNICO/FRANGIE/frangia_dritta_01.jpg;PRESENTE_NELLO_ZIP
FRANGIA;FRANGIE;frangia_dritta_02.jpg;JPG;55273;CATALOGO TECNICO/FRANGIE/frangia_dritta_02.jpg;/assets/CATALOGO TECNICO/FRANGIE/frangia_dritta_02.jpg;PRESENTE_NELLO_ZIP
FRANGIA;FRANGIE;frangia_laterale_01.jpg;JPG;55187;CATALOGO TECNICO/FRANGIE/frangia_laterale_01.jpg;/assets/CATALOGO TECNICO/FRANGIE/frangia_laterale_01.jpg;PRESENTE_NELLO_ZIP
FRANGIA;FRANGIE;frangia_laterale_02.jpg;JPG;57167;CATALOGO TECNICO/FRANGIE/frangia_laterale_02.jpg;/assets/CATALOGO TECNICO/FRANGIE/frangia_laterale_02.jpg;PRESENTE_NELLO_ZIP
FRANGIA;FRANGIE;frangia_lunga_01.jpg;JPG;59518;CATALOGO TECNICO/FRANGIE/frangia_lunga_01.jpg;/assets/CATALOGO TECNICO/FRANGIE/frangia_lunga_01.jpg;PRESENTE_NELLO_ZIP
FRANGIA;FRANGIE;frangia_lunga_02.jpg;JPG;59377;CATALOGO TECNICO/FRANGIE/frangia_lunga_02.jpg;/assets/CATALOGO TECNICO/FRANGIE/frangia_lunga_02.jpg;PRESENTE_NELLO_ZIP
FRANGIA;FRANGIE;frangia_sfilata_01.jpg;JPG;58064;CATALOGO TECNICO/FRANGIE/frangia_sfilata_01.jpg;/assets/CATALOGO TECNICO/FRANGIE/frangia_sfilata_01.jpg;PRESENTE_NELLO_ZIP
FRANGIA;FRANGIE;frangia_sfilata_02.jpg;JPG;59710;CATALOGO TECNICO/FRANGIE/frangia_sfilata_02.jpg;/assets/CATALOGO TECNICO/FRANGIE/frangia_sfilata_02.jpg;PRESENTE_NELLO_ZIP
TAGLIO;BIXIE;90s_bixie.png;PNG;2098576;CATALOGO TECNICO/TAGLI/BIXIE/90s_bixie.png;/assets/CATALOGO TECNICO/TAGLI/BIXIE/90s_bixie.png;PRESENTE_NELLO_ZIP
TAGLIO;BIXIE;classic_bixie.png;PNG;1850564;CATALOGO TECNICO/TAGLI/BIXIE/classic_bixie.png;/assets/CATALOGO TECNICO/TAGLI/BIXIE/classic_bixie.png;PRESENTE_NELLO_ZIP
TAGLIO;BIXIE;curly_bixie.png;PNG;2067417;CATALOGO TECNICO/TAGLI/BIXIE/curly_bixie.png;/assets/CATALOGO TECNICO/TAGLI/BIXIE/curly_bixie.png;PRESENTE_NELLO_ZIP
TAGLIO;BIXIE;layered_bixie.png;PNG;2185546;CATALOGO TECNICO/TAGLI/BIXIE/layered_bixie.png;/assets/CATALOGO TECNICO/TAGLI/BIXIE/layered_bixie.png;PRESENTE_NELLO_ZIP
TAGLIO;BIXIE;shaggy_bixie.png;PNG;2122533;CATALOGO TECNICO/TAGLI/BIXIE/shaggy_bixie.png;/assets/CATALOGO TECNICO/TAGLI/BIXIE/shaggy_bixie.png;PRESENTE_NELLO_ZIP
TAGLIO;BIXIE;sleek_bixie.png;PNG;1975119;CATALOGO TECNICO/TAGLI/BIXIE/sleek_bixie.png;/assets/CATALOGO TECNICO/TAGLI/BIXIE/sleek_bixie.png;PRESENTE_NELLO_ZIP
TAGLIO;BIXIE;soft_bixie.png;PNG;2056926;CATALOGO TECNICO/TAGLI/BIXIE/soft_bixie.png;/assets/CATALOGO TECNICO/TAGLI/BIXIE/soft_bixie.png;PRESENTE_NELLO_ZIP
TAGLIO;BIXIE;textured_bixie.png;PNG;2132711;CATALOGO TECNICO/TAGLI/BIXIE/textured_bixie.png;/assets/CATALOGO TECNICO/TAGLI/BIXIE/textured_bixie.png;PRESENTE_NELLO_ZIP
TAGLIO;BIXIE;wavy_bixie.png;PNG;1967496;CATALOGO TECNICO/TAGLI/BIXIE/wavy_bixie.png;/assets/CATALOGO TECNICO/TAGLI/BIXIE/wavy_bixie.png;PRESENTE_NELLO_ZIP
TAGLIO;BOB;asymmetrical_bob.png;PNG;1991827;CATALOGO TECNICO/TAGLI/BOB/asymmetrical_bob.png;/assets/CATALOGO TECNICO/TAGLI/BOB/asymmetrical_bob.png;PRESENTE_NELLO_ZIP
TAGLIO;BOB;blunt_bob.png;PNG;2051885;CATALOGO TECNICO/TAGLI/BOB/blunt_bob.png;/assets/CATALOGO TECNICO/TAGLI/BOB/blunt_bob.png;PRESENTE_NELLO_ZIP
TAGLIO;BOB;classic_bob.png;PNG;2178709;CATALOGO TECNICO/TAGLI/BOB/classic_bob.png;/assets/CATALOGO TECNICO/TAGLI/BOB/classic_bob.png;PRESENTE_NELLO_ZIP
TAGLIO;BOB;french_bob.png;PNG;1932040;CATALOGO TECNICO/TAGLI/BOB/french_bob.png;/assets/CATALOGO TECNICO/TAGLI/BOB/french_bob.png;PRESENTE_NELLO_ZIP
TAGLIO;BOB;graduated_bob.png;PNG;1879366;CATALOGO TECNICO/TAGLI/BOB/graduated_bob.png;/assets/CATALOGO TECNICO/TAGLI/BOB/graduated_bob.png;PRESENTE_NELLO_ZIP
TAGLIO;BOB;italian_bob.png;PNG;2115636;CATALOGO TECNICO/TAGLI/BOB/italian_bob.png;/assets/CATALOGO TECNICO/TAGLI/BOB/italian_bob.png;PRESENTE_NELLO_ZIP
TAGLIO;BOB;layered_bob.png;PNG;2100084;CATALOGO TECNICO/TAGLI/BOB/layered_bob.png;/assets/CATALOGO TECNICO/TAGLI/BOB/layered_bob.png;PRESENTE_NELLO_ZIP
TAGLIO;BOB;rounded_bob.png;PNG;1850564;CATALOGO TECNICO/TAGLI/BOB/rounded_bob.png;/assets/CATALOGO TECNICO/TAGLI/BOB/rounded_bob.png;PRESENTE_NELLO_ZIP
TAGLIO;BOB;sleek_bob.png;PNG;1693909;CATALOGO TECNICO/TAGLI/BOB/sleek_bob.png;/assets/CATALOGO TECNICO/TAGLI/BOB/sleek_bob.png;PRESENTE_NELLO_ZIP
TAGLIO;BOB;stacked_bob.png;PNG;1996073;CATALOGO TECNICO/TAGLI/BOB/stacked_bob.png;/assets/CATALOGO TECNICO/TAGLI/BOB/stacked_bob.png;PRESENTE_NELLO_ZIP
TAGLIO;BOB;textured_bob.png;PNG;2066012;CATALOGO TECNICO/TAGLI/BOB/textured_bob.png;/assets/CATALOGO TECNICO/TAGLI/BOB/textured_bob.png;PRESENTE_NELLO_ZIP
TAGLIO;BOB;wavy_bob.png;PNG;1898284;CATALOGO TECNICO/TAGLI/BOB/wavy_bob.png;/assets/CATALOGO TECNICO/TAGLI/BOB/wavy_bob.png;PRESENTE_NELLO_ZIP
TAGLIO;LOB;a_line_lob.png;PNG;1894001;CATALOGO TECNICO/TAGLI/LOB/a_line_lob.png;/assets/CATALOGO TECNICO/TAGLI/LOB/a_line_lob.png;PRESENTE_NELLO_ZIP
TAGLIO;LOB;blunt_lob.png;PNG;2178709;CATALOGO TECNICO/TAGLI/LOB/blunt_lob.png;/assets/CATALOGO TECNICO/TAGLI/LOB/blunt_lob.png;PRESENTE_NELLO_ZIP
TAGLIO;LOB;choppy_lob.png;PNG;1951637;CATALOGO TECNICO/TAGLI/LOB/choppy_lob.png;/assets/CATALOGO TECNICO/TAGLI/LOB/choppy_lob.png;PRESENTE_NELLO_ZIP
TAGLIO;LOB;curly_lob.png;PNG;2066012;CATALOGO TECNICO/TAGLI/LOB/curly_lob.png;/assets/CATALOGO TECNICO/TAGLI/LOB/curly_lob.png;PRESENTE_NELLO_ZIP
TAGLIO;LOB;italian_lob.png;PNG;1693909;CATALOGO TECNICO/TAGLI/LOB/italian_lob.png;/assets/CATALOGO TECNICO/TAGLI/LOB/italian_lob.png;PRESENTE_NELLO_ZIP
TAGLIO;LOB;layered_lob.png;PNG;2115636;CATALOGO TECNICO/TAGLI/LOB/layered_lob.png;/assets/CATALOGO TECNICO/TAGLI/LOB/layered_lob.png;PRESENTE_NELLO_ZIP
TAGLIO;LOB;long_layered_lob.png;PNG;1947797;CATALOGO TECNICO/TAGLI/LOB/long_layered_lob.png;/assets/CATALOGO TECNICO/TAGLI/LOB/long_layered_lob.png;PRESENTE_NELLO_ZIP
TAGLIO;LOB;shaggy_lob.png;PNG;2021800;CATALOGO TECNICO/TAGLI/LOB/shaggy_lob.png;/assets/CATALOGO TECNICO/TAGLI/LOB/shaggy_lob.png;PRESENTE_NELLO_ZIP
TAGLIO;LOB;sleek_lob.png;PNG;2256676;CATALOGO TECNICO/TAGLI/LOB/sleek_lob.png;/assets/CATALOGO TECNICO/TAGLI/LOB/sleek_lob.png;PRESENTE_NELLO_ZIP
TAGLIO;LOB;soft_lob.png;PNG;1932040;CATALOGO TECNICO/TAGLI/LOB/soft_lob.png;/assets/CATALOGO TECNICO/TAGLI/LOB/soft_lob.png;PRESENTE_NELLO_ZIP
TAGLIO;LOB;textured_lob.png;PNG;1991827;CATALOGO TECNICO/TAGLI/LOB/textured_lob.png;/assets/CATALOGO TECNICO/TAGLI/LOB/textured_lob.png;PRESENTE_NELLO_ZIP
TAGLIO;LOB;wavy_lob.png;PNG;2177187;CATALOGO TECNICO/TAGLI/LOB/wavy_lob.png;/assets/CATALOGO TECNICO/TAGLI/LOB/wavy_lob.png;PRESENTE_NELLO_ZIP
TAGLIO;PIXIE;choppy_pixie.png;PNG;2100084;CATALOGO TECNICO/TAGLI/PIXIE/choppy_pixie.png;/assets/CATALOGO TECNICO/TAGLI/PIXIE/choppy_pixie.png;PRESENTE_NELLO_ZIP
TAGLIO;PIXIE;feathered_pixie.png;PNG;2065911;CATALOGO TECNICO/TAGLI/PIXIE/feathered_pixie.png;/assets/CATALOGO TECNICO/TAGLI/PIXIE/feathered_pixie.png;PRESENTE_NELLO_ZIP
TAGLIO;PIXIE;graduated_pixie.png;PNG;1879366;CATALOGO TECNICO/TAGLI/PIXIE/graduated_pixie.png;/assets/CATALOGO TECNICO/TAGLI/PIXIE/graduated_pixie.png;PRESENTE_NELLO_ZIP
TAGLIO;PIXIE;layered_pixie.png;PNG;1896932;CATALOGO TECNICO/TAGLI/PIXIE/layered_pixie.png;/assets/CATALOGO TECNICO/TAGLI/PIXIE/layered_pixie.png;PRESENTE_NELLO_ZIP
TAGLIO;PIXIE;long_pixie.png;PNG;2051885;CATALOGO TECNICO/TAGLI/PIXIE/long_pixie.png;/assets/CATALOGO TECNICO/TAGLI/PIXIE/long_pixie.png;PRESENTE_NELLO_ZIP
TAGLIO;PIXIE;micro_pixie.png;PNG;1953808;CATALOGO TECNICO/TAGLI/PIXIE/micro_pixie.png;/assets/CATALOGO TECNICO/TAGLI/PIXIE/micro_pixie.png;PRESENTE_NELLO_ZIP
TAGLIO;PIXIE;piecey_pixie.png;PNG;1898284;CATALOGO TECNICO/TAGLI/PIXIE/piecey_pixie.png;/assets/CATALOGO TECNICO/TAGLI/PIXIE/piecey_pixie.png;PRESENTE_NELLO_ZIP
TAGLIO;PIXIE;short_pixie.png;PNG;1810938;CATALOGO TECNICO/TAGLI/PIXIE/short_pixie.png;/assets/CATALOGO TECNICO/TAGLI/PIXIE/short_pixie.png;PRESENTE_NELLO_ZIP
TAGLIO;PIXIE;sleek_pixie.png;PNG;1977345;CATALOGO TECNICO/TAGLI/PIXIE/sleek_pixie.png;/assets/CATALOGO TECNICO/TAGLI/PIXIE/sleek_pixie.png;PRESENTE_NELLO_ZIP
TAGLIO;PIXIE;soft_pixie.png;PNG;2034938;CATALOGO TECNICO/TAGLI/PIXIE/soft_pixie.png;/assets/CATALOGO TECNICO/TAGLI/PIXIE/soft_pixie.png;PRESENTE_NELLO_ZIP
TAGLIO;PIXIE;textured_pixie.png;PNG;1996073;CATALOGO TECNICO/TAGLI/PIXIE/textured_pixie.png;/assets/CATALOGO TECNICO/TAGLI/PIXIE/textured_pixie.png;PRESENTE_NELLO_ZIP
TAGLIO;taglio_asimmetrico_01.jpg;taglio_asimmetrico_01.jpg;JPG;55532;CATALOGO TECNICO/TAGLI/taglio_asimmetrico_01.jpg;/assets/CATALOGO TECNICO/TAGLI/taglio_asimmetrico_01.jpg;PRESENTE_NELLO_ZIP
TAGLIO;taglio_asimmetrico_02.jpg;taglio_asimmetrico_02.jpg;JPG;51537;CATALOGO TECNICO/TAGLI/taglio_asimmetrico_02.jpg;/assets/CATALOGO TECNICO/TAGLI/taglio_asimmetrico_02.jpg;PRESENTE_NELLO_ZIP
TAGLIO;taglio_bob_classico_01.jpg;taglio_bob_classico_01.jpg;JPG;52227;CATALOGO TECNICO/TAGLI/taglio_bob_classico_01.jpg;/assets/CATALOGO TECNICO/TAGLI/taglio_bob_classico_01.jpg;PRESENTE_NELLO_ZIP
TAGLIO;taglio_bob_classico_02.jpg;taglio_bob_classico_02.jpg;JPG;50485;CATALOGO TECNICO/TAGLI/taglio_bob_classico_02.jpg;/assets/CATALOGO TECNICO/TAGLI/taglio_bob_classico_02.jpg;PRESENTE_NELLO_ZIP
TAGLIO;taglio_bob_lungo_01.jpg;taglio_bob_lungo_01.jpg;JPG;57905;CATALOGO TECNICO/TAGLI/taglio_bob_lungo_01.jpg;/assets/CATALOGO TECNICO/TAGLI/taglio_bob_lungo_01.jpg;PRESENTE_NELLO_ZIP
TAGLIO;taglio_bob_lungo_02.jpg;taglio_bob_lungo_02.jpg;JPG;56382;CATALOGO TECNICO/TAGLI/taglio_bob_lungo_02.jpg;/assets/CATALOGO TECNICO/TAGLI/taglio_bob_lungo_02.jpg;PRESENTE_NELLO_ZIP
TAGLIO;taglio_classico_01.jpg;taglio_classico_01.jpg;JPG;56922;CATALOGO TECNICO/TAGLI/taglio_classico_01.jpg;/assets/CATALOGO TECNICO/TAGLI/taglio_classico_01.jpg;PRESENTE_NELLO_ZIP
TAGLIO;taglio_classico_02.jpg;taglio_classico_02.jpg;JPG;53083;CATALOGO TECNICO/TAGLI/taglio_classico_02.jpg;/assets/CATALOGO TECNICO/TAGLI/taglio_classico_02.jpg;PRESENTE_NELLO_ZIP
TAGLIO;taglio_corto_testurizzato_01.jpg;taglio_corto_testurizzato_01.jpg;JPG;49809;CATALOGO TECNICO/TAGLI/taglio_corto_testurizzato_01.jpg;/assets/CATALOGO TECNICO/TAGLI/taglio_corto_testurizzato_01.jpg;PRESENTE_NELLO_ZIP
TAGLIO;taglio_corto_testurizzato_02.jpg;taglio_corto_testurizzato_02.jpg;JPG;52488;CATALOGO TECNICO/TAGLI/taglio_corto_testurizzato_02.jpg;/assets/CATALOGO TECNICO/TAGLI/taglio_corto_testurizzato_02.jpg;PRESENTE_NELLO_ZIP
TAGLIO;taglio_curtain_01.jpg;taglio_curtain_01.jpg;JPG;56007;CATALOGO TECNICO/TAGLI/taglio_curtain_01.jpg;/assets/CATALOGO TECNICO/TAGLI/taglio_curtain_01.jpg;PRESENTE_NELLO_ZIP
TAGLIO;taglio_curtain_02.jpg;taglio_curtain_02.jpg;JPG;56184;CATALOGO TECNICO/TAGLI/taglio_curtain_02.jpg;/assets/CATALOGO TECNICO/TAGLI/taglio_curtain_02.jpg;PRESENTE_NELLO_ZIP
TAGLIO;taglio_fade_alto_01.jpg;taglio_fade_alto_01.jpg;JPG;51333;CATALOGO TECNICO/TAGLI/taglio_fade_alto_01.jpg;/assets/CATALOGO TECNICO/TAGLI/taglio_fade_alto_01.jpg;PRESENTE_NELLO_ZIP
TAGLIO;taglio_fade_alto_02.jpg;taglio_fade_alto_02.jpg;JPG;52763;CATALOGO TECNICO/TAGLI/taglio_fade_alto_02.jpg;/assets/CATALOGO TECNICO/TAGLI/taglio_fade_alto_02.jpg;PRESENTE_NELLO_ZIP
TAGLIO;taglio_fade_basso_01.jpg;taglio_fade_basso_01.jpg;JPG;52916;CATALOGO TECNICO/TAGLI/taglio_fade_basso_01.jpg;/assets/CATALOGO TECNICO/TAGLI/taglio_fade_basso_01.jpg;PRESENTE_NELLO_ZIP
TAGLIO;taglio_fade_basso_02.jpg;taglio_fade_basso_02.jpg;JPG;51197;CATALOGO TECNICO/TAGLI/taglio_fade_basso_02.jpg;/assets/CATALOGO TECNICO/TAGLI/taglio_fade_basso_02.jpg;PRESENTE_NELLO_ZIP
TAGLIO;taglio_fade_medio_01.jpg;taglio_fade_medio_01.jpg;JPG;49898;CATALOGO TECNICO/TAGLI/taglio_fade_medio_01.jpg;/assets/CATALOGO TECNICO/TAGLI/taglio_fade_medio_01.jpg;PRESENTE_NELLO_ZIP
TAGLIO;taglio_fade_medio_02.jpg;taglio_fade_medio_02.jpg;JPG;51295;CATALOGO TECNICO/TAGLI/taglio_fade_medio_02.jpg;/assets/CATALOGO TECNICO/TAGLI/taglio_fade_medio_02.jpg;PRESENTE_NELLO_ZIP
TAGLIO;taglio_layered_01.jpg;taglio_layered_01.jpg;JPG;63330;CATALOGO TECNICO/TAGLI/taglio_layered_01.jpg;/assets/CATALOGO TECNICO/TAGLI/taglio_layered_01.jpg;PRESENTE_NELLO_ZIP
TAGLIO;taglio_layered_02.jpg;taglio_layered_02.jpg;JPG;68587;CATALOGO TECNICO/TAGLI/taglio_layered_02.jpg;/assets/CATALOGO TECNICO/TAGLI/taglio_layered_02.jpg;PRESENTE_NELLO_ZIP
TAGLIO;taglio_lob_01.jpg;taglio_lob_01.jpg;JPG;60374;CATALOGO TECNICO/TAGLI/taglio_lob_01.jpg;/assets/CATALOGO TECNICO/TAGLI/taglio_lob_01.jpg;PRESENTE_NELLO_ZIP
TAGLIO;taglio_lob_02.jpg;taglio_lob_02.jpg;JPG;61646;CATALOGO TECNICO/TAGLI/taglio_lob_02.jpg;/assets/CATALOGO TECNICO/TAGLI/taglio_lob_02.jpg;PRESENTE_NELLO_ZIP
TAGLIO;taglio_lungo_liscio_01.jpg;taglio_lungo_liscio_01.jpg;JPG;57448;CATALOGO TECNICO/TAGLI/taglio_lungo_liscio_01.jpg;/assets/CATALOGO TECNICO/TAGLI/taglio_lungo_liscio_01.jpg;PRESENTE_NELLO_ZIP
TAGLIO;taglio_lungo_liscio_02.jpg;taglio_lungo_liscio_02.jpg;JPG;51621;CATALOGO TECNICO/TAGLI/taglio_lungo_liscio_02.jpg;/assets/CATALOGO TECNICO/TAGLI/taglio_lungo_liscio_02.jpg;PRESENTE_NELLO_ZIP
TAGLIO;taglio_lungo_riccio_01.jpg;taglio_lungo_riccio_01.jpg;JPG;64509;CATALOGO TECNICO/TAGLI/taglio_lungo_riccio_01.jpg;/assets/CATALOGO TECNICO/TAGLI/taglio_lungo_riccio_01.jpg;PRESENTE_NELLO_ZIP
TAGLIO;taglio_lungo_riccio_02.jpg;taglio_lungo_riccio_02.jpg;JPG;60833;CATALOGO TECNICO/TAGLI/taglio_lungo_riccio_02.jpg;/assets/CATALOGO TECNICO/TAGLI/taglio_lungo_riccio_02.jpg;PRESENTE_NELLO_ZIP
TAGLIO;taglio_messy_01.jpg;taglio_messy_01.jpg;JPG;55211;CATALOGO TECNICO/TAGLI/taglio_messy_01.jpg;/assets/CATALOGO TECNICO/TAGLI/taglio_messy_01.jpg;PRESENTE_NELLO_ZIP
TAGLIO;taglio_messy_02.jpg;taglio_messy_02.jpg;JPG;54758;CATALOGO TECNICO/TAGLI/taglio_messy_02.jpg;/assets/CATALOGO TECNICO/TAGLI/taglio_messy_02.jpg;PRESENTE_NELLO_ZIP
TAGLIO;taglio_mullet_01.jpg;taglio_mullet_01.jpg;JPG;55072;CATALOGO TECNICO/TAGLI/taglio_mullet_01.jpg;/assets/CATALOGO TECNICO/TAGLI/taglio_mullet_01.jpg;PRESENTE_NELLO_ZIP
TAGLIO;taglio_mullet_02.jpg;taglio_mullet_02.jpg;JPG;55023;CATALOGO TECNICO/TAGLI/taglio_mullet_02.jpg;/assets/CATALOGO TECNICO/TAGLI/taglio_mullet_02.jpg;PRESENTE_NELLO_ZIP
TAGLIO;taglio_pixie_01.jpg;taglio_pixie_01.jpg;JPG;54919;CATALOGO TECNICO/TAGLI/taglio_pixie_01.jpg;/assets/CATALOGO TECNICO/TAGLI/taglio_pixie_01.jpg;PRESENTE_NELLO_ZIP
TAGLIO;taglio_pixie_02.jpg;taglio_pixie_02.jpg;JPG;54779;CATALOGO TECNICO/TAGLI/taglio_pixie_02.jpg;/assets/CATALOGO TECNICO/TAGLI/taglio_pixie_02.jpg;PRESENTE_NELLO_ZIP
TAGLIO;taglio_pompadour_01.jpg;taglio_pompadour_01.jpg;JPG;53992;CATALOGO TECNICO/TAGLI/taglio_pompadour_01.jpg;/assets/CATALOGO TECNICO/TAGLI/taglio_pompadour_01.jpg;PRESENTE_NELLO_ZIP
TAGLIO;taglio_pompadour_02.jpg;taglio_pompadour_02.jpg;JPG;53172;CATALOGO TECNICO/TAGLI/taglio_pompadour_02.jpg;/assets/CATALOGO TECNICO/TAGLI/taglio_pompadour_02.jpg;PRESENTE_NELLO_ZIP
TAGLIO;taglio_quiff_01.jpg;taglio_quiff_01.jpg;JPG;55572;CATALOGO TECNICO/TAGLI/taglio_quiff_01.jpg;/assets/CATALOGO TECNICO/TAGLI/taglio_quiff_01.jpg;PRESENTE_NELLO_ZIP
TAGLIO;taglio_quiff_02.jpg;taglio_quiff_02.jpg;JPG;54766;CATALOGO TECNICO/TAGLI/taglio_quiff_02.jpg;/assets/CATALOGO TECNICO/TAGLI/taglio_quiff_02.jpg;PRESENTE_NELLO_ZIP
TAGLIO;taglio_shag_01.jpg;taglio_shag_01.jpg;JPG;68004;CATALOGO TECNICO/TAGLI/taglio_shag_01.jpg;/assets/CATALOGO TECNICO/TAGLI/taglio_shag_01.jpg;PRESENTE_NELLO_ZIP
TAGLIO;taglio_shag_02.jpg;taglio_shag_02.jpg;JPG;62079;CATALOGO TECNICO/TAGLI/taglio_shag_02.jpg;/assets/CATALOGO TECNICO/TAGLI/taglio_shag_02.jpg;PRESENTE_NELLO_ZIP
TAGLIO;taglio_undercut_01.jpg;taglio_undercut_01.jpg;JPG;52968;CATALOGO TECNICO/TAGLI/taglio_undercut_01.jpg;/assets/CATALOGO TECNICO/TAGLI/taglio_undercut_01.jpg;PRESENTE_NELLO_ZIP
TAGLIO;taglio_undercut_02.jpg;taglio_undercut_02.jpg;JPG;55033;CATALOGO TECNICO/TAGLI/taglio_undercut_02.jpg;/assets/CATALOGO TECNICO/TAGLI/taglio_undercut_02.jpg;PRESENTE_NELLO_ZIP
CLIENTE;;ASSUNTA_GRECO.png;PNG;1735222;CLIENTI/ASSUNTA_GRECO.png;/assets/CLIENTI/ASSUNTA_GRECO.png;PRESENTE_NELLO_ZIP
CLIENTE;;ELENA_CONTI.png;PNG;1815432;CLIENTI/ELENA_CONTI.png;/assets/CLIENTI/ELENA_CONTI.png;PRESENTE_NELLO_ZIP
CLIENTE;;GIULIA_ROMANO.png;PNG;2157167;CLIENTI/GIULIA_ROMANO.png;/assets/CLIENTI/GIULIA_ROMANO.png;PRESENTE_NELLO_ZIP
CLIENTE;;MARIA_ESPOSITO.png;PNG;1964471;CLIENTI/MARIA_ESPOSITO.png;/assets/CLIENTI/MARIA_ESPOSITO.png;PRESENTE_NELLO_ZIP
CLIENTE;;SARA_FERRARI.png;PNG;2300489;CLIENTI/SARA_FERRARI.png;/assets/CLIENTI/SARA_FERRARI.png;PRESENTE_NELLO_ZIP
DIPENDENTE;;ANNA_ROSSI_COLORISTA.png;PNG;1948459;DIPENDENTI/ANNA_ROSSI_COLORISTA.png;/assets/DIPENDENTI/ANNA_ROSSI_COLORISTA.png;PRESENTE_NELLO_ZIP
DIPENDENTE;;LUCA_BIANCHI_HAIR_STYLIST.png;PNG;2022005;DIPENDENTI/LUCA_BIANCHI_HAIR_STYLIST.png;/assets/DIPENDENTI/LUCA_BIANCHI_HAIR_STYLIST.png;PRESENTE_NELLO_ZIP
DIPENDENTE;;MARCO_VERDI_BARBER.png;PNG;2333220;DIPENDENTI/MARCO_VERDI_BARBER.png;/assets/DIPENDENTI/MARCO_VERDI_BARBER.png;PRESENTE_NELLO_ZIP
DIPENDENTE;;SENIOR_STYLIST_DEMO.png;PNG;2114395;DIPENDENTI/SENIOR_STYLIST_DEMO.png;/assets/DIPENDENTI/SENIOR_STYLIST_DEMO.png;PRESENTE_NELLO_ZIP
LOGO;;HAIRLAB_LOGO_MARK.png;PNG;94860;LOGO/HAIRLAB_LOGO_MARK.png;/assets/LOGO/HAIRLAB_LOGO_MARK.png;PRESENTE_NELLO_ZIP
LOGO;;HAIRLAB_LOGO_WORDMARK.png;PNG;60101;LOGO/HAIRLAB_LOGO_WORDMARK.png;/assets/LOGO/HAIRLAB_LOGO_WORDMARK.png;PRESENTE_NELLO_ZIP
LOGO;;LOGO DISEGNO.jpeg;JPEG;38675;LOGO/LOGO DISEGNO.jpeg;/assets/LOGO/LOGO DISEGNO.jpeg;PRESENTE_NELLO_ZIP
LOGO;;LOGO SCRITTA.jpeg;JPEG;33984;LOGO/LOGO SCRITTA.jpeg;/assets/LOGO/LOGO SCRITTA.jpeg;PRESENTE_NELLO_ZIP
UTENTE;;ADMIN.png;PNG;2165111;UTENTI/ADMIN.png;/assets/UTENTI/ADMIN.png;PRESENTE_NELLO_ZIP
UTENTE;;CUSTOMER.png;PNG;1989898;UTENTI/CUSTOMER.png;/assets/UTENTI/CUSTOMER.png;PRESENTE_NELLO_ZIP
UTENTE;;RECEPTIONIST.png;PNG;1979376;UTENTI/RECEPTIONIST.png;/assets/UTENTI/RECEPTIONIST.png;PRESENTE_NELLO_ZIP
UTENTE;;SUPERADMIN.png;PNG;2077938;UTENTI/SUPERADMIN.png;/assets/UTENTI/SUPERADMIN.png;PRESENTE_NELLO_ZIP
